{"cameraMode":{"drawMode":3,"name":"Shadow Cascades","section":"Miscellaneous"},"sceneLighting":true,"audioPlay":false,"sceneViewState":{"showFog":true,"showMaterialUpdate":true,"showSkybox":true,"showFlares":true,"showImageEffects":true,"showParticleSystems":true},"in2DMode":false,"pivot":{"x":-80.56494140625,"y":0.1194009780883789,"z":-6.0545334815979},"rotation":{"x":-0.07756881415843964,"y":-0.9112811088562012,"z":0.201690211892128,"w":-0.3505295217037201},"size":18.425296783447267,"orthographic":false}