{"cameraMode":{"drawMode":3,"name":"Shadow Cascades","section":"Miscellaneous"},"sceneLighting":true,"audioPlay":false,"sceneViewState":{"showFog":true,"showMaterialUpdate":true,"showSkybox":false,"showFlares":true,"showImageEffects":true,"showParticleSystems":true},"in2DMode":false,"pivot":{"x":-4.132376194000244,"y":1.5806570053100587,"z":-2.108642101287842},"rotation":{"x":-0.2529965937137604,"y":-0.44556787610054018,"z":0.13288164138793946,"w":-0.8484129309654236},"size":63.27558898925781,"orthographic":false}